Zeit;Kanal A;Kanal B
(ms);(V);(V)

-10,00992312;0,00000000;0,00000000
-9,99399512;1,02036166;0,01728592
-9,97806712;1,02036166;0,27749753
-9,96213912;1,02036166;0,71118355
-9,94621112;1,02036166;1,21419787
-9,93028312;1,02036166;1,64782238
-9,91435512;1,03795516;1,89068651
-9,89842712;1,03795516;1,90803397
-9,88249913;1,03795516;1,68251717
-9,86657113;1,05554867;1,30093503
-9,85064313;1,05554867;0,86724901
-9,83471513;1,03795516;0,48566684
-9,81878713;1,03795516;0,27749753
-9,80285913;1,03795516;0,29484499
-9,78693113;1,02036166;0,50301427
-9,77100313;1,02036166;0,84990156
-9,75507513;1,02036166;1,23154533
-9,73914713;1,02036166;1,54373765
-9,72321914;1,03795516;1,69986463
-9,70729114;1,03795516;1,68251717
-9,69136314;1,03795516;1,49169540
-9,67543514;1,05554867;1,17950296
-9,65950714;1,03795516;0,84990156
-9,64357914;1,03795516;0,57240403
-9,62765114;1,03795516;0,45097196
-9,61172314;1,03795516;0,48566684
-9,59579514;1,02036166;0,67648870
-9,57986715;1,02036166;0,95398623
-9,56393915;1,02036166;1,23154533
-9,54801115;1,03795516;1,45706201
-9,53208315;1,03795516;1,54373765
-9,51615515;1,03795516;1,50904286
-9,50022715;1,03795516;1,33562994
-9,48429915;1,03795516;1,09276569
-9,46837115;1,03795516;0,84990156
-9,45244315;1,03795516;0,65914124
-9,43651516;1,03795516;0,58975148
-9,42058716;1,03795516;0,64179379
-9,40465916;1,02036166;0,79785925
-9,38873116;1,02036166;1,02337599
-9,37280316;1,03795516;1,23154533
-9,35687516;1,03795516;1,37032485
-9,34094716;1,03795516;1,42236710
-9,32501916;1,03795516;1,37032485
-9,30909116;1,03795516;1,23154533
-9,29316317;1,03795516;1,04072344
-9,27723517;1,03795516;0,84990156
-9,26130717;1,03795516;0,74581695
-9,24537917;1,03795516;0,69383609
-9,22945117;1,03795516;0,76316434
-9,21352317;1,02036166;0,88459647
-9,19759517;1,03795516;1,05807090
-9,18166717;1,03795516;1,21419787
-9,16573917;1,03795516;1,31828249
-9,14981118;1,03795516;1,33562994
-9,13388318;1,03795516;1,26624012
-9,11795518;1,03795516;1,14480805
-9,10202718;1,03795516;1,00602853
-9,08609918;1,03795516;0,86724901
-9,07017118;1,03795516;0,78051180
-9,05424318;1,03795516;0,78051180
-9,03831518;1,03795516;0,84990156
-9,02238718;1,03795516;0,95398623
-9,00645919;1,03795516;1,07541835
-8,99053119;1,03795516;1,19685042
-8,97460319;1,03795516;1,24889266
-8,95867519;1,03795516;1,26624012
-8,94274719;1,03795516;1,19685042
-8,92681919;1,03795516;1,11011314
-8,91089119;1,03795516;0,98868108
-8,89496319;1,03795516;0,90194392
-8,87903519;1,03795516;0,84990156
-8,86310720;1,03795516;0,84990156
-8,84717920;1,03795516;0,90194392
-8,83125120;1,02036166;0,98868108
-8,81532320;1,03795516;1,09276569
-8,79939520;1,03795516;1,16215551
-8,78346720;1,03795516;1,21419787
-8,76753920;1,03795516;1,19685042
-8,75161120;1,03795516;1,14480805
-8,73568320;1,03795516;1,05807090
-8,71975521;1,03795516;0,98868108
-8,70382721;1,03795516;0,91929132
-8,68789921;1,03795516;0,88459647
-8,67197121;1,03795516;0,90194392
-8,65604321;1,03795516;0,95398623
-8,64011521;1,03795516;1,02337599
-8,62418721;1,03795516;1,09276569
-8,60825921;1,03795516;1,14480805
-8,59233121;1,03795516;1,16215551
-8,57640322;1,03795516;1,14480805
-8,56047522;1,03795516;1,11011314
-8,54454722;1,03795516;1,04072344
-8,52861922;1,03795516;0,97133368
-8,51269122;1,03795516;0,93663877
-8,49676322;1,03795516;0,91929132
-8,48083522;1,03795516;0,95398623
-8,46490722;1,03795516;0,98868108
-8,44897922;1,03795516;1,04072344
-8,43305122;1,03795516;1,09276569
-8,41712323;1,03795516;1,12746060
-8,40119523;1,03795516;1,14480805
-8,38526723;1,03795516;1,11011314
-8,36933923;1,03795516;1,07541835
-8,35341123;1,03795516;1,02337599
-8,33748323;1,03795516;0,98868108
-8,32155523;1,03795516;0,95398623
-8,30562723;1,03795516;0,95398623
-8,28969923;1,03795516;0,97133368
-8,27377124;1,03795516;1,00602853
-8,25784324;1,03795516;1,05807090
-8,24191524;1,03795516;1,09276569
-8,22598724;1,03795516;1,11011314
-8,21005924;1,03795516;1,11011314
-8,19413124;1,03795516;1,09276569
-8,17820324;1,03795516;1,05807090
-8,16227524;1,03795516;1,02337599
-8,14634724;1,03795516;0,98868108
-8,13041925;1,03795516;0,97133368
-8,11449125;1,03795516;0,97133368
-8,09856325;1,03795516;0,98868108
-8,08263525;1,03795516;1,02337599
-8,06670725;1,03795516;1,05807090
-8,05077925;1,03795516;1,07541835
-8,03485125;1,03795516;1,11011314
-8,01892325;1,03795516;1,09276569
-8,00299525;1,03795516;1,07541835
-7,98706726;1,03795516;1,04072344
-7,97113926;1,03795516;1,02337599
-7,95521126;1,03795516;1,00602853
-7,93928326;1,03795516;0,98868108
-7,92335526;1,03795516;0,98868108
-7,90742726;1,03795516;1,00602853
-7,89149926;1,03795516;1,04072344
-7,87557126;1,03795516;1,05807090
-7,85964326;1,03795516;1,07541835
-7,84371527;1,03795516;1,07541835
-7,82778727;1,03795516;1,07541835
-7,81185927;1,03795516;1,05807090
-7,79593127;1,03795516;1,04072344
-7,78000327;1,03795516;1,02337599
-7,76407527;1,03795516;1,00602853
-7,74814727;1,03795516;0,98868108
-7,73221927;1,03795516;1,00602853
-7,71629127;1,03795516;1,02337599
-7,70036328;1,03795516;1,04072344
-7,68443528;1,03795516;1,05807090
-7,66850728;1,03795516;1,07541835
-7,65257928;1,03795516;1,07541835
-7,63665128;1,03795516;1,07541835
-7,62072328;1,03795516;1,05807090
-7,60479528;1,03795516;1,04072344
-7,58886728;1,03795516;1,02337599
-7,57293928;1,03795516;1,00602853
-7,55701129;1,03795516;1,00602853
-7,54108329;1,03795516;1,02337599
-7,52515529;1,03795516;1,02337599
-7,50922729;1,03795516;1,04072344
-7,49329929;1,03795516;1,05807090
-7,47737129;1,03795516;1,05807090
-7,46144329;1,03795516;1,05807090
-7,44551529;1,03795516;1,05807090
-7,42958729;1,03795516;1,04072344
-7,41365930;1,03795516;1,04072344
-7,39773130;1,03795516;1,02337599
-7,38180330;1,03795516;1,02337599
-7,36587530;1,03795516;1,02337599
-7,34994730;1,03795516;1,02337599
-7,33401930;1,03795516;1,04072344
-7,31809130;1,03795516;1,04072344
-7,30216330;1,03795516;1,05807090
-7,28623530;1,03795516;1,05807090
-7,27030731;1,03795516;1,05807090
-7,25437931;1,03795516;1,05807090
-7,23845131;1,03795516;1,04072344
-7,22252331;1,03795516;1,02337599
-7,20659531;1,03795516;1,02337599
-7,19066731;1,03795516;1,02337599
-7,17473931;1,03795516;1,02337599
-7,15881131;1,03795516;1,04072344
-7,14288331;1,03795516;1,04072344
-7,12695531;1,03795516;1,04072344
-7,11102732;1,03795516;1,05807090
-7,09509932;1,03795516;1,05807090
-7,07917132;1,03795516;1,05807090
-7,06324332;1,03795516;1,04072344
-7,04731532;1,03795516;1,04072344
-7,03138732;1,03795516;1,02337599
-7,01545932;1,03795516;1,02337599
-6,99953132;1,03795516;1,02337599
-6,98360332;1,03795516;1,02337599
-6,96767533;1,03795516;1,02337599
-6,95174733;1,03795516;1,04072344
-6,93581933;1,03795516;1,04072344
-6,91989133;1,03795516;1,04072344
-6,90396333;1,03795516;1,05807090
-6,88803533;1,03795516;1,04072344
-6,87210733;1,03795516;1,04072344
-6,85617933;1,03795516;1,04072344
-6,84025133;1,03795516;1,04072344
-6,82432334;1,03795516;1,02337599
-6,80839534;1,03795516;1,02337599
-6,79246734;1,03795516;1,02337599
-6,77653934;1,03795516;1,04072344
-6,76061134;1,03795516;1,02337599
-6,74468334;1,03795516;1,04072344
-6,72875534;1,03795516;1,04072344
-6,71282734;1,03795516;1,04072344
-6,69689934;1,03795516;1,04072344
-6,68097135;1,03795516;1,04072344
-6,66504335;1,03795516;1,04072344
-6,64911535;1,03795516;1,02337599
-6,63318735;1,03795516;1,02337599
-6,61725935;1,03795516;1,04072344
-6,60133135;1,03795516;1,04072344
-6,58540335;1,03795516;1,04072344
-6,56947535;1,03795516;1,04072344
-6,55354735;1,03795516;1,04072344
-6,53761936;1,03795516;1,04072344
-6,52169136;1,03795516;1,04072344
-6,50576336;1,03795516;1,04072344
-6,48983536;1,03795516;1,04072344
-6,47390736;1,03795516;1,04072344
-6,45797936;1,03795516;1,04072344
-6,44205136;1,03795516;1,04072344
-6,42612336;1,03795516;1,04072344
-6,41019536;1,03795516;1,04072344
-6,39426737;1,03795516;1,04072344
-6,37833937;1,03795516;1,04072344
-6,36241137;1,03795516;1,04072344
-6,34648337;1,03795516;1,04072344
-6,33055537;1,03795516;1,04072344
-6,31462737;1,03795516;1,04072344
-6,29869937;1,03795516;1,04072344
-6,28277137;1,03795516;1,04072344
-6,26684337;1,03795516;1,04072344
-6,25091538;1,03795516;1,02337599
-6,23498738;1,03795516;1,04072344
-6,21905938;1,03795516;1,04072344
-6,20313138;1,03795516;1,04072344
-6,18720338;1,03795516;1,04072344
-6,17127538;1,03795516;1,04072344
-6,15534738;1,03795516;1,04072344
-6,13941938;1,03795516;1,04072344
-6,12349138;1,03795516;1,04072344
-6,10756339;1,03795516;1,04072344
-6,09163539;1,03795516;1,04072344
-6,07570739;1,03795516;1,04072344
-6,05977939;1,03795516;1,04072344
-6,04385139;1,03795516;1,04072344
-6,02792339;1,03795516;1,04072344
-6,01199539;1,03795516;1,04072344
-5,99606739;1,03795516;1,04072344
-5,98013939;1,03795516;1,04072344
-5,96421140;1,03795516;1,04072344
-5,94828340;1,03795516;1,04072344
-5,93235540;1,03795516;1,04072344
-5,91642740;1,03795516;1,04072344
-5,90049940;1,03795516;1,04072344
-5,88457140;1,03795516;1,04072344
-5,86864340;1,03795516;1,04072344
-5,85271540;1,03795516;1,04072344
-5,83678740;1,03795516;1,04072344
-5,82085941;1,03795516;1,04072344
-5,80493141;1,03795516;1,04072344
-5,78900341;1,03795516;1,04072344
-5,77307541;1,03795516;1,04072344
-5,75714741;1,03795516;1,04072344
-5,74121941;1,03795516;1,04072344
-5,72529141;1,03795516;1,04072344
-5,70936341;1,03795516;1,04072344
-5,69343541;1,03795516;1,04072344
-5,67750741;1,03795516;1,04072344
-5,66157942;1,03795516;1,04072344
-5,64565142;1,03795516;1,04072344
-5,62972342;1,03795516;1,04072344
-5,61379542;1,03795516;1,04072344
-5,59786742;1,03795516;1,04072344
-5,58193942;1,03795516;1,04072344
-5,56601142;1,03795516;1,04072344
-5,55008342;1,03795516;1,04072344
-5,53415542;1,03795516;1,04072344
-5,51822743;1,03795516;1,04072344
-5,50229943;1,03795516;1,04072344
-5,48637143;1,03795516;1,04072344
-5,47044343;1,03795516;1,04072344
-5,45451543;1,03795516;1,04072344
-5,43858743;1,03795516;1,04072344
-5,42265943;1,03795516;1,02337599
-5,40673143;1,03795516;1,04072344
-5,39080343;1,03795516;1,04072344
-5,37487544;1,03795516;1,04072344
-5,35894744;1,03795516;1,04072344
-5,34301944;1,03795516;1,04072344
-5,32709144;1,03795516;1,04072344
-5,31116344;1,03795516;1,04072344
-5,29523544;1,03795516;1,04072344
-5,27930744;1,03795516;1,04072344
-5,26337944;1,03795516;1,04072344
-5,24745144;1,03795516;1,04072344
-5,23152345;1,03795516;1,04072344
-5,21559545;1,03795516;1,04072344
-5,19966745;1,03795516;1,04072344
-5,18373945;1,03795516;1,04072344
-5,16781145;1,03795516;1,04072344
-5,15188345;1,03795516;1,04072344
-5,13595545;1,03795516;1,04072344
-5,12002745;1,03795516;1,04072344
-5,10409945;1,03795516;1,04072344
-5,08817146;1,03795516;1,04072344
-5,07224346;1,03795516;1,04072344
-5,05631546;1,03795516;1,04072344
-5,04038746;1,03795516;1,02337599
-5,02445946;1,03795516;1,04072344
-5,00853146;1,03795516;1,04072344
-4,99260346;0,01753199;1,00602853
-4,97667546;0,01753199;0,74581695
-4,96074746;0,01753199;0,29484499
-4,94481947;0,01753199;-0,22545521
-4,92889147;0,01753199;-0,65914124
-4,91296347;0,00000000;-0,88459647
-4,89703547;0,00000000;-0,86724901
-4,88110747;-0,01753199;-0,60709894
-4,86517947;-0,01753199;-0,20810777
-4,84925147;-0,01753199;0,24280265
-4,83332347;0,00000000;0,60709894
-4,81739547;0,00000000;0,78051180
-4,80146748;0,00000000;0,74581695
-4,78553948;0,01753199;0,48566684
-4,76961148;0,01753199;0,12137057
-4,75368348;0,01753199;-0,27749753
-4,73775548;0,00000000;-0,57240403
-4,72182748;0,00000000;-0,69383609
-4,70589948;0,00000000;-0,62444633
-4,68997148;-0,01753199;-0,38158217
-4,67404348;-0,01753199;-0,05198081
-4,65811549;-0,01753199;0,27749753
-4,64218749;0,00000000;0,52036172
-4,62625949;0,00000000;0,60709894
-4,61033149;0,00000000;0,52036172
-4,59440349;0,00000000;0,31219241
-4,57847549;0,01753199;0,00000000
-4,56254749;0,00000000;-0,27749753
-4,54661949;0,00000000;-0,48566684
-4,53069149;0,00000000;-0,53770918
-4,51476350;0,00000000;-0,43362451
-4,49883550;0,00000000;-0,22545521
-4,48290750;0,00000000;0,03463336
-4,46697950;0,00000000;0,27749753
-4,45105150;0,00000000;0,43362451
-4,43512350;0,00000000;0,46831939
-4,41919550;0,00000000;0,36423475
-4,40326750;0,00000000;0,15606545
-4,38733950;0,00000000;-0,06932825
-4,37141150;0,00000000;-0,27749753
-4,35548351;0,00000000;-0,38158217
-4,33955551;0,00000000;-0,39892963
-4,32362751;0,00000000;-0,29484499
-4,30769951;0,00000000;-0,10402313
-4,29177151;0,00000000;0,10402313
-4,27584351;0,00000000;0,26015010
-4,25991551;0,00000000;0,34688729
-4,24398751;0,00000000;0,32953987
-4,22805951;0,00000000;0,22545521
-4,21213152;0,00000000;0,06932825
-4,19620352;0,00000000;-0,10402313
-4,18027552;0,00000000;-0,24280265
-4,16434752;0,00000000;-0,31219241
-4,14841952;0,00000000;-0,27749753
-4,13249152;-0,01753199;-0,19076033
-4,11656352;0,00000000;-0,03463336
-4,10063552;0,00000000;0,12137057
-4,08470752;0,00000000;0,24280265
-4,06877953;0,00000000;0,27749753
-4,05285153;0,00000000;0,24280265
-4,03692353;0,00000000;0,13871801
-4,02099553;0,00000000;0,01728592
-4,00506753;0,00000000;-0,12137057
-3,98913953;0,00000000;-0,20810777
-3,97321153;0,00000000;-0,24280265
-3,95728353;0,00000000;-0,19076033
-3,94135553;0,00000000;-0,10402313
-3,92542754;0,00000000;0,01728592
-3,90949954;0,00000000;0,13871801
-3,89357154;0,00000000;0,20810777
-3,87764354;0,00000000;0,20810777
-3,86171554;0,00000000;0,15606545
-3,84578754;0,00000000;0,06932825
-3,82985954;0,00000000;-0,03463336
-3,81393154;0,00000000;-0,12137057
-3,79800354;0,00000000;-0,17341289
-3,78207555;0,00000000;-0,17341289
-3,76614755;0,00000000;-0,12137057
-3,75021955;0,00000000;-0,03463336
-3,73429155;0,00000000;0,05198081
-3,71836355;0,00000000;0,12137057
-3,70243555;0,00000000;0,15606545
-3,68650755;0,00000000;0,15606545
-3,67057955;0,00000000;0,10402313
-3,65465155;0,00000000;0,03463336
-3,63872356;0,00000000;-0,05198081
-3,62279556;0,00000000;-0,12137057
-3,60686756;0,00000000;-0,13871801
-3,59093956;0,00000000;-0,12137057
-3,57501156;0,00000000;-0,06932825
-3,55908356;0,00000000;-0,01728592
-3,54315556;0,00000000;0,05198081
-3,52722756;0,00000000;0,10402313
-3,51129956;0,00000000;0,12137057
-3,49537157;0,00000000;0,10402313
-3,47944357;0,00000000;0,05198081
-3,46351557;0,00000000;0,00000000
-3,44758757;0,00000000;-0,05198081
-3,43165957;0,00000000;-0,10402313
-3,41573157;0,00000000;-0,10402313
-3,39980357;0,00000000;-0,08667569
-3,38387557;0,00000000;-0,03463336
-3,36794757;0,00000000;0,01728592
-3,35201958;0,00000000;0,06932825
-3,33609158;0,00000000;0,08667569
-3,32016358;0,00000000;0,10402313
-3,30423558;0,00000000;0,06932825
-3,28830758;0,00000000;0,03463336
-3,27237958;0,00000000;-0,01728592
-3,25645158;0,00000000;-0,05198081
-3,24052358;0,00000000;-0,08667569
-3,22459558;0,00000000;-0,08667569
-3,20866759;0,00000000;-0,05198081
-3,19273959;0,00000000;-0,01728592
-3,17681159;0,00000000;0,03463336
-3,16088359;0,00000000;0,06932825
-3,14495559;0,00000000;0,06932825
-3,12902759;0,00000000;0,06932825
-3,11309959;0,00000000;0,05198081
-3,09717159;0,00000000;0,01728592
-3,08124359;0,00000000;-0,03463336
-3,06531559;0,00000000;-0,05198081
-3,04938760;0,00000000;-0,06932825
-3,03345960;0,00000000;-0,05198081
-3,01753160;0,00000000;-0,01728592
-3,00160360;0,00000000;0,00000000
-2,98567560;0,00000000;0,03463336
-2,96974760;0,00000000;0,05198081
-2,95381960;0,00000000;0,05198081
-2,93789160;0,00000000;0,05198081
-2,92196360;0,00000000;0,01728592
-2,90603561;0,00000000;0,00000000
-2,89010761;0,00000000;-0,03463336
-2,87417961;0,00000000;-0,05198081
-2,85825161;0,00000000;-0,05198081
-2,84232361;0,00000000;-0,03463336
-2,82639561;0,00000000;-0,01728592
-2,81046761;0,00000000;0,01728592
-2,79453961;0,00000000;0,03463336
-2,77861161;0,00000000;0,05198081
-2,76268362;0,00000000;0,05198081
-2,74675562;0,00000000;0,03463336
-2,73082762;0,00000000;0,01728592
-2,71489962;0,00000000;-0,01728592
-2,69897162;0,00000000;-0,01728592
-2,68304362;0,00000000;-0,03463336
-2,66711562;0,00000000;-0,03463336
-2,65118762;0,00000000;-0,01728592
-2,63525962;0,00000000;0,00000000
-2,61933163;0,00000000;0,01728592
-2,60340363;0,00000000;0,03463336
-2,58747563;0,00000000;0,03463336
-2,57154763;0,00000000;0,03463336
-2,55561963;0,00000000;0,01728592
-2,53969163;0,00000000;0,00000000
-2,52376363;0,00000000;-0,01728592
-2,50783563;0,00000000;-0,03463336
-2,49190763;0,00000000;-0,03463336
-2,47597964;0,00000000;-0,01728592
-2,46005164;0,00000000;-0,01728592
-2,44412364;0,00000000;0,00000000
-2,42819564;0,00000000;0,01728592
-2,41226764;0,00000000;0,03463336
-2,39633964;0,00000000;0,01728592
-2,38041164;0,00000000;0,01728592
-2,36448364;0,00000000;0,00000000
-2,34855564;0,00000000;0,00000000
-2,33262765;0,00000000;-0,01728592
-2,31669965;0,00000000;-0,01728592
-2,30077165;0,00000000;-0,01728592
-2,28484365;0,00000000;-0,01728592
-2,26891565;0,00000000;0,00000000
-2,25298765;0,00000000;0,01728592
-2,23705965;0,00000000;0,01728592
-2,22113165;0,00000000;0,01728592
-2,20520365;0,00000000;0,01728592
-2,18927566;0,00000000;0,01728592
-2,17334766;0,00000000;0,00000000
-2,15741966;0,00000000;0,00000000
-2,14149166;0,00000000;-0,01728592
-2,12556366;0,00000000;-0,01728592
-2,10963566;0,00000000;-0,01728592
-2,09370766;0,00000000;-0,01728592
-2,07777966;0,00000000;0,00000000
-2,06185166;0,00000000;0,00000000
-2,04592367;0,00000000;0,01728592
-2,02999567;0,00000000;0,01728592
-2,01406767;0,00000000;0,00000000
-1,99813967;0,00000000;0,00000000
-1,98221167;0,00000000;0,00000000
-1,96628367;0,00000000;-0,01728592
-1,95035567;0,00000000;-0,01728592
-1,93442767;0,00000000;-0,01728592
-1,91849967;0,00000000;-0,01728592
-1,90257168;0,00000000;0,00000000
-1,88664368;0,00000000;0,00000000
-1,87071568;0,00000000;0,01728592
-1,85478768;0,00000000;0,01728592
-1,83885968;0,00000000;0,00000000
-1,82293168;0,00000000;0,01728592
-1,80700368;0,00000000;0,00000000
-1,79107568;0,00000000;0,00000000
-1,77514768;0,00000000;0,00000000
-1,75921969;0,00000000;-0,01728592
-1,74329169;0,00000000;0,00000000
-1,72736369;0,00000000;0,00000000
-1,71143569;0,00000000;0,00000000
-1,69550769;0,00000000;0,00000000
-1,67957969;0,00000000;0,01728592
-1,66365169;0,00000000;0,01728592
-1,64772369;0,00000000;0,01728592
-1,63179569;0,00000000;0,00000000
-1,61586769;0,00000000;0,00000000
-1,59993970;0,00000000;0,00000000
-1,58401170;0,00000000;0,00000000
-1,56808370;0,00000000;-0,01728592
-1,55215570;0,00000000;0,00000000
-1,53622770;0,00000000;0,00000000
-1,52029970;0,00000000;0,00000000
-1,50437170;0,00000000;0,00000000
-1,48844370;0,00000000;0,00000000
-1,47251570;0,00000000;0,00000000
-1,45658771;0,00000000;0,01728592
-1,44065971;0,00000000;0,00000000
-1,42473171;0,00000000;0,00000000
-1,40880371;0,00000000;0,00000000
-1,39287571;0,00000000;0,00000000
-1,37694771;0,00000000;0,00000000
-1,36101971;0,00000000;0,00000000
-1,34509171;0,00000000;0,00000000
-1,32916371;0,00000000;0,00000000
-1,31323572;0,00000000;0,00000000
-1,29730772;0,00000000;0,00000000
-1,28137972;0,00000000;0,00000000
-1,26545172;0,00000000;0,00000000
-1,24952372;0,00000000;0,00000000
-1,23359572;0,00000000;0,00000000
-1,21766772;0,00000000;0,00000000
-1,20173972;0,00000000;0,00000000
-1,18581172;0,00000000;0,00000000
-1,16988373;0,00000000;0,00000000
-1,15395573;0,00000000;0,00000000
-1,13802773;0,00000000;0,00000000
-1,12209973;0,00000000;0,00000000
-1,10617173;0,00000000;0,00000000
-1,09024373;0,00000000;0,00000000
-1,07431573;0,00000000;0,00000000
-1,05838773;0,00000000;0,00000000
-1,04245973;0,00000000;0,00000000
-1,02653174;0,00000000;0,00000000
-1,01060374;0,00000000;0,00000000
-0,99467574;0,00000000;0,00000000
-0,97874774;0,00000000;0,00000000
-0,96281974;0,00000000;0,00000000
-0,94689174;0,00000000;0,00000000
-0,93096374;0,00000000;0,01728592
-0,91503574;0,00000000;0,00000000
-0,89910774;0,00000000;0,00000000
-0,88317975;0,00000000;0,00000000
-0,86725175;0,00000000;0,00000000
-0,85132375;0,00000000;0,00000000
-0,83539575;0,00000000;0,00000000
-0,81946775;0,00000000;0,00000000
-0,80353975;0,00000000;0,00000000
-0,78761175;0,00000000;0,00000000
-0,77168375;0,00000000;0,00000000
-0,75575575;0,00000000;0,00000000
-0,73982776;0,00000000;0,00000000
-0,72389976;0,00000000;0,00000000
-0,70797176;0,00000000;0,00000000
-0,69204376;0,00000000;0,00000000
-0,67611576;0,00000000;0,00000000
-0,66018776;0,00000000;0,00000000
-0,64425976;0,00000000;0,00000000
-0,62833176;0,00000000;0,00000000
-0,61240376;0,00000000;0,00000000
-0,59647577;0,00000000;0,00000000
-0,58054777;0,00000000;0,00000000
-0,56461977;0,00000000;0,00000000
-0,54869177;0,00000000;0,00000000
-0,53276377;0,00000000;0,00000000
-0,51683577;0,00000000;0,00000000
-0,50090777;0,00000000;0,00000000
-0,48497977;0,00000000;0,00000000
-0,46905177;0,00000000;0,00000000
-0,45312378;0,00000000;0,00000000
-0,43719578;0,00000000;0,00000000
-0,42126778;0,00000000;0,00000000
-0,40533978;0,00000000;0,00000000
-0,38941178;0,00000000;0,00000000
-0,37348378;0,00000000;0,00000000
-0,35755578;0,00000000;0,00000000
-0,34162778;0,00000000;0,00000000
-0,32569978;0,00000000;0,00000000
-0,30977178;0,00000000;0,00000000
-0,29384379;0,00000000;0,00000000
-0,27791579;0,00000000;0,00000000
-0,26198779;0,00000000;0,00000000
-0,24605979;0,00000000;0,00000000
-0,23013179;0,00000000;0,00000000
-0,21420379;0,00000000;0,00000000
-0,19827579;0,00000000;0,00000000
-0,18234779;0,00000000;0,00000000
-0,16641979;0,00000000;0,00000000
-0,15049180;0,00000000;0,00000000
-0,13456380;0,00000000;0,00000000
-0,11863580;0,00000000;0,00000000
-0,10270780;0,00000000;0,00000000
-0,08677980;0,00000000;0,00000000
-0,07085180;0,00000000;0,00000000
-0,05492380;0,00000000;0,00000000
-0,03899580;0,00000000;0,00000000
-0,02306780;0,00000000;0,00000000
-0,00713981;0,00000000;0,00000000
0,00878819;1,02036166;0,05198081
0,02471619;1,02036166;0,32953987
0,04064419;1,02036166;0,79785925
0,05657219;1,02036166;1,30093503
0,07250019;1,02036166;1,69986463
0,08842819;1,03795516;1,90803397
0,10435619;1,03795516;1,87333906
0,12028419;1,05554867;1,63047493
0,13621218;1,05554867;1,23154533
0,15214018;1,05554867;0,79785925
0,16806818;1,03795516;0,43362451
0,18399618;1,03795516;0,26015010
0,19992418;1,03795516;0,31219241
0,21585218;1,02036166;0,55505657
0,23178018;1,02036166;0,91929132
0,24770818;1,02036166;1,30093503
0,26363618;1,03795516;1,57843256
0,27956417;1,03795516;1,71721208
0,29549217;1,03795516;1,64782238
0,31142017;1,03795516;1,43971455
0,32734817;1,03795516;1,11011314
0,34327617;1,03795516;0,79785925
0,35920417;1,03795516;0,55505657
0,37513217;1,03795516;0,45097196
0,39106017;1,03795516;0,52036172
0,40698817;1,03795516;0,71118355
0,42291616;1,02036166;0,98868108
0,43884416;1,03795516;1,28358757
0,45477216;1,03795516;1,47440946
0,47070016;1,03795516;1,54373765
0,48662816;1,03795516;1,47440946
0,50255616;1,03795516;1,30093503
0,51848416;1,03795516;1,05807090
0,53441216;1,03795516;0,81520671
0,55034016;1,03795516;0,64179379
0,56626815;1,03795516;0,58975148
0,58219615;1,02036166;0,65914124
0,59812415;1,02036166;0,83255410
0,61405215;1,03795516;1,05807090
0,62998015;1,03795516;1,26624012
0,64590815;1,03795516;1,38767219
0,66183615;1,03795516;1,42236710
0,67776415;1,03795516;1,35297740
0,69369215;1,03795516;1,19685042
0,70962014;1,03795516;1,00602853
0,72554814;1,03795516;0,83255410
0,74147614;1,03795516;0,71118355
0,75740414;1,03795516;0,69383609
0,77333214;1,02036166;0,78051180
0,78926014;1,02036166;0,91929132
0,80518814;1,03795516;1,09276569
0,82111614;1,03795516;1,23154533
0,83704414;1,03795516;1,31828249
0,85297213;1,03795516;1,31828249
0,86890013;1,03795516;1,24889266
0,88482813;1,03795516;1,12746060
0,90075613;1,03795516;0,98868108
0,91668413;1,03795516;0,86724901
0,93261213;1,03795516;0,78051180
0,94854013;1,03795516;0,79785925
0,96446813;1,03795516;0,86724901
0,98039613;1,02036166;0,97133368
0,99632413;1,03795516;1,11011314
1,01225212;1,03795516;1,19685042
1,02818012;1,03795516;1,26624012
1,04410812;1,03795516;1,24889266
1,06003612;1,03795516;1,17950296
1,07596412;1,03795516;1,07541835
1,09189212;1,03795516;0,97133368
1,10782012;1,03795516;0,88459647
1,12374812;1,03795516;0,84990156
1,13967612;1,03795516;0,86724901
1,15560411;1,03795516;0,91929132
1,17153211;1,03795516;1,02337599
1,18746011;1,03795516;1,11011314
1,20338811;1,03795516;1,17950296
1,21931611;1,03795516;1,21419787
1,23524411;1,03795516;1,19685042
1,25117211;1,03795516;1,12746060
1,26710011;1,03795516;1,04072344
1,28302811;1,03795516;0,97133368
1,29895610;1,03795516;0,90194392
1,31488410;1,03795516;0,88459647
1,33081210;1,03795516;0,90194392
1,34674010;1,03795516;0,95398623
1,36266810;1,03795516;1,04072344
1,37859610;1,03795516;1,11011314
1,39452410;1,03795516;1,16215551
1,41045210;1,03795516;1,16215551
1,42638010;1,03795516;1,14480805
1,44230809;1,03795516;1,09276569
1,45823609;1,03795516;1,02337599
1,47416409;1,03795516;0,97133368
1,49009209;1,03795516;0,93663877
1,50602009;1,03795516;0,91929132
1,52194809;1,03795516;0,95398623
1,53787609;1,03795516;0,98868108
1,55380409;1,03795516;1,05807090
1,56973209;1,03795516;1,11011314
1,58566008;1,03795516;1,12746060
1,60158808;1,03795516;1,14480805
1,61751608;1,03795516;1,11011314
1,63344408;1,03795516;1,07541835
1,64937208;1,03795516;1,02337599
1,66530008;1,03795516;0,97133368
1,68122808;1,03795516;0,95398623
1,69715608;1,03795516;0,95398623
1,71308408;1,03795516;0,97133368
1,72901207;1,03795516;1,02337599
1,74494007;1,03795516;1,05807090
1,76086807;1,03795516;1,09276569
1,77679607;1,03795516;1,11011314
1,79272407;1,03795516;1,11011314
1,80865207;1,03795516;1,09276569
1,82458007;1,03795516;1,05807090
1,84050807;1,03795516;1,00602853
1,85643607;1,03795516;0,98868108
1,87236406;1,03795516;0,97133368
1,88829206;1,03795516;0,97133368
1,90422006;1,03795516;1,00602853
1,92014806;1,03795516;1,02337599
1,93607606;1,03795516;1,05807090
1,95200406;1,03795516;1,09276569
1,96793206;1,03795516;1,09276569
1,98386006;1,02036166;1,09276569
1,99978806;1,03795516;1,07541835
2,01571605;1,03795516;1,04072344
2,03164405;1,03795516;1,02337599
2,04757205;1,03795516;0,98868108
2,06350005;1,03795516;0,98868108
2,07942805;1,03795516;0,98868108
2,09535605;1,03795516;1,02337599
2,11128405;1,03795516;1,04072344
2,12721205;1,03795516;1,05807090
2,14314005;1,03795516;1,07541835
2,15906804;1,03795516;1,07541835
2,17499604;1,03795516;1,07541835
2,19092404;1,03795516;1,05807090
2,20685204;1,03795516;1,04072344
2,22278004;1,03795516;1,02337599
2,23870804;1,03795516;1,00602853
2,25463604;1,03795516;1,00602853
2,27056404;1,03795516;1,00602853
2,28649204;1,03795516;1,02337599
2,30242004;1,03795516;1,04072344
2,31834803;1,03795516;1,05807090
2,33427603;1,03795516;1,07541835
2,35020403;1,03795516;1,07541835
2,36613203;1,03795516;1,05807090
2,38206003;1,03795516;1,05807090
2,39798803;1,03795516;1,04072344
2,41391603;1,03795516;1,02337599
2,42984403;1,03795516;1,00602853
2,44577203;1,03795516;1,00602853
2,46170002;1,03795516;1,02337599
2,47762802;1,03795516;1,04072344
2,49355602;1,03795516;1,04072344
2,50948402;1,03795516;1,05807090
2,52541202;1,03795516;1,05807090
2,54134002;1,03795516;1,05807090
2,55726802;1,03795516;1,05807090
2,57319602;1,03795516;1,04072344
2,58912402;1,03795516;1,04072344
2,60505201;1,03795516;1,02337599
2,62098001;1,03795516;1,02337599
2,63690801;1,03795516;1,02337599
2,65283601;1,03795516;1,02337599
2,66876401;1,03795516;1,04072344
2,68469201;1,03795516;1,04072344
2,70062001;1,03795516;1,05807090
2,71654801;1,03795516;1,05807090
2,73247601;1,03795516;1,05807090
2,74840400;1,03795516;1,04072344
2,76433200;1,03795516;1,04072344
2,78026000;1,03795516;1,02337599
2,79618800;1,03795516;1,02337599
2,81211600;1,03795516;1,02337599
2,82804400;1,03795516;1,02337599
2,84397200;1,03795516;1,02337599
2,85990000;1,03795516;1,04072344
2,87582800;1,03795516;1,04072344
2,89175599;1,03795516;1,05807090
2,90768399;1,03795516;1,05807090
2,92361199;1,03795516;1,05807090
2,93953999;1,03795516;1,04072344
2,95546799;1,03795516;1,04072344
2,97139599;1,03795516;1,02337599
2,98732399;1,02036166;1,04072344
3,00325199;1,03795516;1,02337599
3,01917999;1,03795516;1,02337599
3,03510798;1,03795516;1,04072344
3,05103598;1,03795516;1,04072344
3,06696398;1,03795516;1,04072344
3,08289198;1,03795516;1,05807090
3,09881998;1,03795516;1,04072344
3,11474798;1,03795516;1,04072344
3,13067598;1,03795516;1,04072344
3,14660398;1,03795516;1,04072344
3,16253198;1,03795516;1,02337599
3,17845997;1,03795516;1,02337599
3,19438797;1,03795516;1,02337599
3,21031597;1,03795516;1,04072344
3,22624397;1,03795516;1,04072344
3,24217197;1,03795516;1,04072344
3,25809997;1,03795516;1,04072344
3,27402797;1,03795516;1,05807090
3,28995597;1,03795516;1,04072344
3,30588397;1,03795516;1,04072344
3,32181196;1,03795516;1,04072344
3,33773996;1,03795516;1,04072344
3,35366796;1,03795516;1,02337599
3,36959596;1,03795516;1,02337599
3,38552396;1,03795516;1,04072344
3,40145196;1,03795516;1,04072344
3,41737996;1,03795516;1,04072344
3,43330796;1,03795516;1,04072344
3,44923596;1,03795516;1,05807090
3,46516395;1,03795516;1,04072344
3,48109195;1,03795516;1,04072344
3,49701995;1,03795516;1,04072344
3,51294795;1,03795516;1,04072344
3,52887595;1,03795516;1,04072344
3,54480395;1,03795516;1,04072344
3,56073195;1,03795516;1,04072344
3,57665995;1,03795516;1,04072344
3,59258795;1,03795516;1,04072344
3,60851594;1,03795516;1,04072344
3,62444394;1,03795516;1,04072344
3,64037194;1,03795516;1,04072344
3,65629994;1,03795516;1,04072344
3,67222794;1,03795516;1,04072344
3,68815594;1,03795516;1,04072344
3,70408394;1,03795516;1,04072344
3,72001194;1,03795516;1,04072344
3,73593994;1,03795516;1,04072344
3,75186794;1,03795516;1,04072344
3,76779593;1,03795516;1,02337599
3,78372393;1,03795516;1,04072344
3,79965193;1,03795516;1,04072344
3,81557993;1,03795516;1,04072344
3,83150793;1,03795516;1,04072344
3,84743593;1,03795516;1,04072344
3,86336393;1,03795516;1,04072344
3,87929193;1,03795516;1,04072344
3,89521993;1,03795516;1,04072344
3,91114792;1,03795516;1,04072344
3,92707592;1,03795516;1,04072344
3,94300392;1,03795516;1,02337599
3,95893192;1,03795516;1,04072344
3,97485992;1,03795516;1,04072344
3,99078792;1,03795516;1,04072344
4,00671592;1,03795516;1,04072344
4,02264392;1,03795516;1,04072344
4,03857192;1,03795516;1,04072344
4,05449991;1,03795516;1,04072344
4,07042791;1,03795516;1,04072344
4,08635591;1,03795516;1,04072344
4,10228391;1,03795516;1,04072344
4,11821191;1,03795516;1,04072344
4,13413991;1,03795516;1,04072344
4,15006791;1,03795516;1,04072344
4,16599591;1,03795516;1,04072344
4,18192391;1,03795516;1,04072344
4,19785190;1,03795516;1,04072344
4,21377990;1,03795516;1,04072344
4,22970790;1,03795516;1,04072344
4,24563590;1,03795516;1,04072344
4,26156390;1,03795516;1,04072344
4,27749190;1,03795516;1,04072344
4,29341990;1,03795516;1,04072344
4,30934790;1,03795516;1,04072344
4,32527590;1,03795516;1,04072344
4,34120389;1,03795516;1,04072344
4,35713189;1,03795516;1,04072344
4,37305989;1,03795516;1,04072344
4,38898789;1,03795516;1,04072344
4,40491589;1,03795516;1,04072344
4,42084389;1,03795516;1,04072344
4,43677189;1,03795516;1,04072344
4,45269989;1,03795516;1,04072344
4,46862789;1,03795516;1,04072344
4,48455588;1,03795516;1,04072344
4,50048388;1,03795516;1,04072344
4,51641188;1,03795516;1,04072344
4,53233988;1,03795516;1,02337599
4,54826788;1,03795516;1,04072344
4,56419588;1,03795516;1,04072344
4,58012388;1,03795516;1,04072344
4,59605188;1,03795516;1,04072344
4,61197988;1,03795516;1,04072344
4,62790787;1,03795516;1,04072344
4,64383587;1,03795516;1,04072344
4,65976387;1,03795516;1,04072344
4,67569187;1,03795516;1,04072344
4,69161987;1,03795516;1,04072344
4,70754787;1,03795516;1,04072344
4,72347587;1,03795516;1,04072344
4,73940387;1,03795516;1,04072344
4,75533187;1,03795516;1,04072344
4,77125986;1,03795516;1,04072344
4,78718786;1,03795516;1,04072344
4,80311586;1,03795516;1,04072344
4,81904386;1,03795516;1,04072344
4,83497186;1,03795516;1,04072344
4,85089986;1,03795516;1,04072344
4,86682786;1,03795516;1,04072344
4,88275586;1,03795516;1,04072344
4,89868386;1,03795516;1,04072344
4,91461185;1,03795516;1,04072344
4,93053985;1,03795516;1,04072344
4,94646785;1,03795516;1,04072344
4,96239585;1,03795516;1,04072344
4,97832385;1,03795516;1,04072344
4,99425185;1,03795516;1,02337599
5,01017985;0,00000000;0,98868108
5,02610785;0,01753199;0,67648870
5,04203585;0,01753199;0,20810777
5,05796385;0,01753199;-0,31219241
5,07389184;0,01753199;-0,71118355
5,08981984;0,00000000;-0,90194392
5,10574784;0,00000000;-0,83255410
5,12167584;-0,01753199;-0,55505657
5,13760384;-0,01753199;-0,12137057
5,15353184;-0,01753199;0,32953987
5,16945984;0,00000000;0,65914124
5,18538784;0,00000000;0,79785925
5,20131584;0,00000000;0,71118355
5,21724383;0,01753199;0,43362451
5,23317183;0,01753199;0,05198081
5,24909983;0,00000000;-0,31219241
5,26502783;0,00000000;-0,58975148
5,28095583;0,00000000;-0,69383609
5,29688383;0,00000000;-0,58975148
5,31281183;-0,01753199;-0,32953987
5,32873983;0,00000000;0,00000000
5,34466783;-0,01753199;0,32953987
5,36059582;0,00000000;0,55505657
5,37652382;0,00000000;0,60709894
5,39245182;0,00000000;0,50301427
5,40837982;0,01753199;0,26015010
5,42430782;0,00000000;-0,05198081
5,44023582;0,00000000;-0,32953987
5,45616382;0,00000000;-0,48566684
5,47209182;0,00000000;-0,52036172
5,48801982;0,00000000;-0,39892963
5,50394781;0,00000000;-0,19076033
5,51987581;0,00000000;0,08667569
5,53580381;0,00000000;0,31219241
5,55173181;0,00000000;0,45097196
5,56765981;0,00000000;0,45097196
5,58358781;0,00000000;0,32953987
5,59951581;0,00000000;0,12137057
5,61544381;0,00000000;-0,10402313
5,63137181;0,00000000;-0,29484499
5,64729980;0,00000000;-0,39892963
5,66322780;0,00000000;-0,38158217
5,67915580;0,00000000;-0,26015010
5,69508380;0,00000000;-0,06932825
5,71101180;0,00000000;0,13871801
5,72693980;0,00000000;0,29484499
5,74286780;0,00000000;0,36423475
5,75879580;0,00000000;0,32953987
5,77472380;0,00000000;0,20810777
5,79065179;0,00000000;0,03463336
5,80657979;0,00000000;-0,13871801
5,82250779;0,00000000;-0,26015010
5,83843579;0,00000000;-0,31219241
5,85436379;0,00000000;-0,27749753
5,87029179;0,00000000;-0,15606545
5,88621979;0,00000000;0,00000000
5,90214779;0,00000000;0,13871801
5,91807579;0,00000000;0,24280265
5,93400378;0,00000000;0,27749753
5,94993178;0,00000000;0,22545521
5,96585978;0,00000000;0,12137057
5,98178778;0,00000000;-0,01728592
5,99771578;0,00000000;-0,15606545
6,01364378;0,00000000;-0,22545521
6,02957178;0,00000000;-0,24280265
6,04549978;0,00000000;-0,19076033
6,06142778;0,00000000;-0,08667569
6,07735577;0,00000000;0,03463336
6,09328377;0,00000000;0,13871801
6,10921177;0,00000000;0,20810777
6,12513977;0,00000000;0,20810777
6,14106777;0,00000000;0,15606545
6,15699577;0,00000000;0,05198081
6,17292377;0,00000000;-0,05198081
6,18885177;0,00000000;-0,13871801
6,20477977;0,00000000;-0,17341289
6,22070776;0,00000000;-0,17341289
6,23663576;0,00000000;-0,12137057
6,25256376;0,00000000;-0,03463336
6,26849176;0,00000000;0,06932825
6,28441976;0,00000000;0,13871801
6,30034776;0,00000000;0,17341289
6,31627576;0,00000000;0,15606545
6,33220376;0,00000000;0,08667569
6,34813176;0,00000000;0,01728592
6,36405976;0,00000000;-0,06932825
6,37998775;0,00000000;-0,12137057
6,39591575;0,00000000;-0,13871801
6,41184375;0,00000000;-0,12137057
6,42777175;0,00000000;-0,06932825
6,44369975;0,00000000;0,00000000
6,45962775;0,00000000;0,06932825
6,47555575;0,00000000;0,12137057
6,49148375;0,00000000;0,12137057
6,50741175;0,00000000;0,10402313
6,52333974;0,00000000;0,05198081
6,53926774;0,00000000;-0,01728592
6,55519574;0,00000000;-0,06932825
6,57112374;0,00000000;-0,10402313
6,58705174;0,00000000;-0,10402313
6,60297974;0,00000000;-0,08667569
6,61890774;0,00000000;-0,03463336
6,63483574;0,00000000;0,01728592
6,65076374;0,00000000;0,06932825
6,66669173;0,00000000;0,08667569
6,68261973;0,00000000;0,08667569
6,69854773;0,00000000;0,06932825
6,71447573;0,00000000;0,01728592
6,73040373;0,00000000;-0,03463336
6,74633173;0,00000000;-0,06932825
6,76225973;0,00000000;-0,08667569
6,77818773;0,00000000;-0,06932825
6,79411573;0,00000000;-0,05198081
6,81004372;0,00000000;0,00000000
6,82597172;0,00000000;0,03463336
6,84189972;0,00000000;0,06932825
6,85782772;0,00000000;0,06932825
6,87375572;0,00000000;0,06932825
6,88968372;0,00000000;0,03463336
6,90561172;0,00000000;0,00000000
6,92153972;0,00000000;-0,03463336
6,93746772;0,00000000;-0,05198081
6,95339571;0,00000000;-0,06932825
6,96932371;0,00000000;-0,05198081
6,98525171;0,00000000;-0,01728592
7,00117971;0,00000000;0,00000000
7,01710771;0,00000000;0,03463336
7,03303571;0,00000000;0,05198081
7,04896371;0,00000000;0,05198081
7,06489171;0,00000000;0,03463336
7,08081971;0,00000000;0,01728592
7,09674770;0,00000000;-0,01728592
7,11267570;0,00000000;-0,03463336
7,12860370;0,00000000;-0,05198081
7,14453170;0,00000000;-0,05198081
7,16045970;0,00000000;-0,03463336
7,17638770;0,00000000;-0,01728592
7,19231570;0,00000000;0,01728592
7,20824370;0,00000000;0,03463336
7,22417170;0,00000000;0,05198081
7,24009969;0,00000000;0,03463336
7,25602769;0,00000000;0,03463336
7,27195569;0,00000000;0,01728592
7,28788369;0,00000000;-0,01728592
7,30381169;0,00000000;-0,03463336
7,31973969;0,00000000;-0,03463336
7,33566769;0,00000000;-0,03463336
7,35159569;0,00000000;-0,01728592
7,36752369;0,00000000;0,00000000
7,38345168;0,00000000;0,01728592
7,39937968;0,00000000;0,03463336
7,41530768;0,00000000;0,03463336
7,43123568;0,00000000;0,03463336
7,44716368;0,00000000;0,01728592
7,46309168;0,00000000;0,00000000
7,47901968;0,00000000;-0,01728592
7,49494768;0,00000000;-0,01728592
7,51087568;0,00000000;-0,03463336
7,52680367;0,00000000;-0,03463336
7,54273167;0,00000000;-0,01728592
7,55865967;0,00000000;0,00000000
7,57458767;0,00000000;0,01728592
7,59051567;0,00000000;0,01728592
7,60644367;0,00000000;0,03463336
7,62237167;0,00000000;0,01728592
7,63829967;0,00000000;0,01728592
7,65422767;0,00000000;0,00000000
7,67015567;0,00000000;-0,01728592
7,68608366;0,00000000;-0,01728592
7,70201166;0,00000000;-0,01728592
7,71793966;0,00000000;-0,01728592
7,73386766;0,00000000;0,00000000
7,74979566;0,00000000;0,00000000
7,76572366;0,00000000;0,01728592
7,78165166;0,00000000;0,01728592
7,79757966;0,00000000;0,01728592
7,81350766;0,00000000;0,01728592
7,82943565;0,00000000;0,00000000
7,84536365;0,00000000;0,00000000
7,86129165;0,00000000;-0,01728592
7,87721965;0,00000000;-0,01728592
7,89314765;0,00000000;-0,01728592
7,90907565;0,00000000;-0,01728592
7,92500365;0,00000000;0,00000000
7,94093165;0,00000000;0,01728592
7,95685965;0,00000000;0,01728592
7,97278764;0,00000000;0,01728592
7,98871564;0,00000000;0,01728592
8,00464364;0,00000000;0,01728592
8,02057164;0,00000000;0,00000000
8,03649964;0,00000000;0,00000000
8,05242764;0,00000000;-0,01728592
8,06835564;0,00000000;0,00000000
8,08428364;0,00000000;-0,01728592
8,10021164;0,00000000;0,00000000
8,11613963;0,00000000;0,00000000
8,13206763;0,00000000;0,01728592
8,14799563;0,00000000;0,01728592
8,16392363;0,00000000;0,01728592
8,17985163;0,00000000;0,01728592
8,19577963;0,00000000;0,00000000
8,21170763;0,00000000;0,00000000
8,22763563;0,00000000;0,00000000
8,24356363;0,00000000;-0,01728592
8,25949162;0,00000000;0,00000000
8,27541962;0,00000000;0,00000000
8,29134762;0,00000000;0,00000000
8,30727562;0,00000000;0,01728592
8,32320362;0,00000000;0,01728592
8,33913162;0,00000000;0,01728592
8,35505962;0,00000000;0,01728592
8,37098762;0,00000000;0,00000000
8,38691562;0,00000000;0,00000000
8,40284361;0,00000000;0,00000000
8,41877161;0,00000000;0,00000000
8,43469961;0,00000000;0,00000000
8,45062761;0,00000000;0,00000000
8,46655561;0,00000000;0,00000000
8,48248361;0,00000000;0,00000000
8,49841161;0,00000000;0,00000000
8,51433961;0,00000000;0,00000000
8,53026761;0,00000000;0,01728592
8,54619560;0,00000000;0,00000000
8,56212360;0,00000000;0,00000000
8,57805160;0,00000000;0,00000000
8,59397960;0,00000000;0,00000000
8,60990760;0,00000000;0,00000000
8,62583560;0,00000000;0,00000000
8,64176360;0,00000000;0,00000000
8,65769160;0,00000000;0,00000000
8,67361960;0,00000000;0,00000000
8,68954759;0,00000000;0,00000000
8,70547559;-0,01753199;0,01728592
8,72140359;0,00000000;0,00000000
8,73733159;0,00000000;0,00000000
8,75325959;0,00000000;0,00000000
8,76918759;0,00000000;0,00000000
8,78511559;0,00000000;0,00000000
8,80104359;0,00000000;0,00000000
8,81697159;0,00000000;0,00000000
8,83289958;0,00000000;0,00000000
8,84882758;0,00000000;0,00000000
8,86475558;0,00000000;0,00000000
8,88068358;0,00000000;0,00000000
8,89661158;0,00000000;0,00000000
8,91253958;0,00000000;0,00000000
8,92846758;0,00000000;0,00000000
8,94439558;0,00000000;0,00000000
8,96032358;0,00000000;0,00000000
8,97625157;0,00000000;0,00000000
8,99217957;0,00000000;0,00000000
9,00810757;0,00000000;0,00000000
9,02403557;0,00000000;0,01728592
9,03996357;0,00000000;0,00000000
9,05589157;0,00000000;0,00000000
9,07181957;0,00000000;0,00000000
9,08774757;0,00000000;0,01728592
9,10367557;0,00000000;0,00000000
9,11960357;0,00000000;0,00000000
9,13553156;0,00000000;0,00000000
9,15145956;0,00000000;0,00000000
9,16738756;0,00000000;0,00000000
9,18331556;0,00000000;0,00000000
9,19924356;0,00000000;0,00000000
9,21517156;0,00000000;0,00000000
9,23109956;0,00000000;0,00000000
9,24702756;0,00000000;0,00000000
9,26295556;0,00000000;0,00000000
9,27888355;0,00000000;0,00000000
9,29481155;0,00000000;0,00000000
9,31073955;0,00000000;0,00000000
9,32666755;0,00000000;0,00000000
9,34259555;0,00000000;0,00000000
9,35852355;0,00000000;0,00000000
9,37445155;0,00000000;0,00000000
9,39037955;0,00000000;0,00000000
9,40630755;0,00000000;0,00000000
9,42223554;0,00000000;0,00000000
9,43816354;0,00000000;0,00000000
9,45409154;0,00000000;0,00000000
9,47001954;0,00000000;0,00000000
9,48594754;0,00000000;0,00000000
9,50187554;0,00000000;0,00000000
9,51780354;0,00000000;0,00000000
9,53373154;0,00000000;0,00000000
9,54965954;0,00000000;0,00000000
9,56558753;0,00000000;0,00000000
9,58151553;0,00000000;0,00000000
9,59744353;0,00000000;0,00000000
9,61337153;0,00000000;0,00000000
9,62929953;0,00000000;0,00000000
9,64522753;0,00000000;0,00000000
9,66115553;0,00000000;0,00000000
9,67708353;0,00000000;0,00000000
9,69301153;0,00000000;0,00000000
9,70893952;0,00000000;0,00000000
9,72486752;0,00000000;0,00000000
9,74079552;0,00000000;0,00000000
9,75672352;0,00000000;0,00000000
9,77265152;0,00000000;0,00000000
9,78857952;0,00000000;0,00000000
9,80450752;0,00000000;0,01728592
9,82043552;0,00000000;0,00000000
9,83636352;0,00000000;0,00000000
9,85229151;0,00000000;0,00000000
9,86821951;0,00000000;0,00000000
9,88414751;0,00000000;0,00000000
9,90007551;0,00000000;0,00000000
9,91600351;0,00000000;0,00000000
9,93193151;0,00000000;0,00000000
9,94785951;0,00000000;0,01728592
9,96378751;0,00000000;0,00000000
9,97971551;0,00000000;0,00000000
9,99564350;0,00000000;0,00000000
10,01157150;1,02036166;0,08667569
10,02749950;1,02036166;0,39892963
10,04342750;1,02036166;0,88459647
